0.0,5.0,打中我們出身 到開始上學
7.0,9.0,畢了夜 找了份工作
10.0,12.0,努力學習累積
16.0,18.0,接到終於存了點錢才發現
18.0,20.0,只靠工作性子
20.0,22.0,經濟難易給自己所愛的人
22.0,23.0,一個難問的家
24.0,26.0,最終是在這兒
27.0,30.0,與大家開始渲倒了外的賺錢機會
31.0,33.0,而許多的詐騙集團
33.0,34.0,便是看著了這一點
34.0,36.0,他們把真實存在的股票買賣
36.0,38.0,包裝進騙的去自眾
38.0,40.0,這種場戰爭化力的黃眼
40.0,42.0,往往最難被查局
42.0,43.0,最終大家也不知覺得
43.0,45.0,弱錄了現景自眾
46.0,48.0,電輸看到股市分析式的社團
48.0,50.0,安裝成員很投故老師
50.0,52.0,風黃鮮 所真的很好卻
52.0,54.0,每一則到買了極當後
54.0,56.0,顧家風排 水智慘中
56.0,57.0,上前為收放者
57.0,60.0,大根機閣一共飛絕早120
60.0,61.0,還公家天來
61.0,62.0,天一是買的動畫
62.0,64.0,雖然有一個很丟臉
64.0,65.0,很害怕
66.0,67.0,想投資的新並有趣
67.0,69.0,想給家人幸福
69.0,71.0,並非是貪的人員
71.0,73.0,在這個詐騙唱片的時代
73.0,74.0,不論你在如何的小心
74.0,76.0,詐騙集團總是想出新的畫素
76.0,78.0,來騙群的幸福
78.0,79.0,今天這部影片
79.0,80.0,我上節目的股票詐
80.0,81.0,會有所有手法
81.0,84.0,並教大家如何意演世後的關鍵藥素
84.0,85.0,希望看完影片的
85.0,87.0,從此不會上當受變
93.0,96.0,今天是2020230的社會
96.0,98.0,我們從2019年的社會
98.0,100.0,拍Gesh的書上傳
101.0,103.0,我們反照片到現在
103.0,105.0,已經4年了各位
105.0,107.0,終於要做到這一部了
107.0,108.0,股票詐騙集團
108.0,110.0,今天我們會把所有的
110.0,112.0,跟股票詐騙的
112.0,114.0,從那都給你節目的乾乾淨
114.0,116.0,為什麼之前都不做了
116.0,118.0,絕對不是我們漏掉了
118.0,119.0,絕對跟這都沒有關係
119.0,121.0,經常都一直
121.0,123.0,因為因為他住盤子最後一次
123.0,124.0,你還記得
124.0,125.0,對吧
125.0,127.0,不要提醒大家
127.0,130.0,大家的發現我完全忘記不要
130.0,132.0,我們不是漏掉
132.0,133.0,因為我們是漏掉
133.0,134.0,對嘛
134.0,135.0,因為我們沒碰
135.0,136.0,不知道有這麼多人受害
136.0,138.0,現在真的有趣的療癥才發現
138.0,139.0,背片的人不淡多
139.0,141.0,而且經得都非常大
141.0,142.0,也會有玩股票的人
142.0,143.0,一定有資本
143.0,144.0,隨便一張就3萬5萬
144.0,146.0,規點的計算都有
146.0,147.0,連不可能資本一張
147.0,148.0,半個十幾二十張
148.0,149.0,就幾百萬起挑
149.0,150.0,所以你有足夠的錢被騙
150.0,151.0,再很多有錢
151.0,153.0,大家的長輩都有投資股票
153.0,154.0,所以當這些片子
154.0,156.0,用投資股票做的切入點
156.0,158.0,就會有非常多人掉不限定
158.0,160.0,不過來不大部分的手法
160.0,161.0,會像這樣子
161.0,162.0,12月幣長股
162.0,165.0,中暴排17檔中
165.0,167.0,鷹立14萬1千700
167.0,170.0,314塊長到15635塊長到103
170.0,172.0,下一檔代曼4差差差17塊
172.0,174.0,會長70塊
174.0,176.0,百分之百算
176.0,178.0,然後底下就一堆0去名牌
178.0,179.0,0去0去名牌
179.0,180.0,三去0去
180.0,181.0,反正各個平台跟廣告
181.0,182.0,差不多都是這樣模式
182.0,184.0,我們也挑了好幾個去加了
184.0,185.0,後來他們怎麼會
185.0,187.0,他說他是某某投顧的助理
187.0,189.0,問你有沒有在超過股票
189.0,190.0,你玩多久
190.0,192.0,給你他的過力參考
192.0,193.0,一個月就賺了75萬
193.0,194.0,稍微有錢一點的
194.0,195.0,他可以拿時間出來
195.0,197.0,這真的是心動時
197.0,198.0,我就跟他講我要領取到牌
198.0,199.0,他叫我買
199.0,203.0,我一剛320101035的下方買路
203.0,205.0,配置半斤的15到10%
205.0,207.0,過力會是10到13%
207.0,208.0,我們現在就買
208.0,211.0,我們看看詐文集團在搞什麼話一樣
211.0,212.0,沒通過不知道痛
212.0,214.0,各位我聽你們痛一次
214.0,215.0,買進
215.0,216.0,下單
216.0,217.0,我一高
217.0,218.0,成功了
218.0,220.0,他說他會即時通知我拖手
220.0,222.0,我現在有一個想法
222.0,224.0,我相信他不會一開始就騙我
224.0,225.0,他一定會先揚握
225.0,226.0,等到我真的性能他
226.0,227.0,再看他責我嗎
227.0,228.0,這也算過程
228.0,229.0,因為拉得非常長
229.0,231.0,如果我只實測他的話
231.0,232.0,我覺得有點太可惜
232.0,234.0,所以我現在的一個想法
234.0,235.0,各位
235.0,238.0,現在我們人在一間投顧公司
238.0,240.0,這一次我打算是這樣
240.0,242.0,預期只是解馬的詐騙集團
242.0,243.0,乾脆來看看
243.0,245.0,真正的投顧分析
245.0,246.0,跟這些詐騙集團
246.0,247.0,如果差在哪裡
247.0,249.0,我們現在來的這間是用成投顧
249.0,251.0,我現在選了他們公司
251.0,252.0,最厲害的分析時
252.0,253.0,號稱
253.0,255.0,學补雷台5.8
255.0,256.0,我們就看看
256.0,257.0,真正的這種分析老師
257.0,258.0,跟雷台照片集團
258.0,259.0,一定有很多差別嗎
259.0,262.0,因為我們是一個正式合法的
262.0,263.0,無公司
263.0,264.0,只要加入我們的投顧
264.0,265.0,第一件事情
265.0,266.0,當然是千定
266.0,267.0,那一身氣
267.0,268.0,不要講話
268.0,269.0,那一身氣
269.0,271.0,我每個人受全體約束
271.0,272.0,那也是保證你的氣約
272.0,273.0,下千嗎
273.0,274.0,OK
274.0,275.0,好嗎
275.0,276.0,這邊幫我先跟
276.0,277.0,這邊先這個
278.0,279.0,OK
279.0,280.0,教會可以
280.0,281.0,我們接下來
281.0,282.0,我們在這幾千
282.0,284.0,你會帶著你在股票市場裡面
284.0,285.0,告訴你
285.0,286.0,怎麼買這麼出貨
286.0,287.0,經得多少錢
287.0,288.0,然後時間多少
288.0,289.0,你有什麼樣的疑問
289.0,290.0,我們就幫你解決
290.0,291.0,因為幫你做完整的統計
291.0,292.0,讓你知道
292.0,293.0,跟我們合作的過程
293.0,294.0,你在給你今天有沒有收工
294.0,295.0,本來我們不說不多
295.0,296.0,我們就來測試看看
296.0,298.0,這些詐騙分析團
298.0,300.0,跟真正的分析老師
300.0,301.0,到底差在哪裡
301.0,303.0,完全概念股
303.0,304.0,無花花
304.0,306.0,73項的進口
307.0,308.0,成年1月1日
308.0,310.0,在1646
310.0,311.0,3704
311.0,312.0,我今天買市場
312.0,313.0,21萬8項市
313.0,315.0,以前大片全足都有人說
315.0,316.0,他買的
316.0,317.0,我16.93%
317.0,318.0,算了3萬4千
318.0,320.0,5萬全路都是容價
320.0,321.0,我這幾千這樣看下來
321.0,323.0,我覺得正常的就還滿不錯
323.0,325.0,譬如說每天在體積長客人
325.0,326.0,裡面講到數字是
326.0,327.0,有數公平的東西
327.0,328.0,要降起還是升級
328.0,329.0,通通子數怎麼樣
329.0,330.0,全球的經濟區市
330.0,331.0,已經計發展
331.0,333.0,如何去影響台灣屬次的發展
333.0,334.0,他不是每天都有夠報股票
334.0,335.0,或者去看是不是的
335.0,336.0,人有長
336.0,337.0,還真的有長
337.0,338.0,重點來囉
338.0,339.0,這票量每一天
339.0,340.0,跟你到海
340.0,341.0,這風也沒那麼痛
341.0,342.0,如果你有一個
342.0,343.0,你一塊的一天
343.0,344.0,最後再買了一段廣告
344.0,345.0,你有沒有
345.0,346.0,花這麼多的時間
346.0,347.0,跟你平安感情
347.0,349.0,真的會提供你自己自己的
349.0,350.0,發現
350.0,351.0,看我早上分析是有這回事
351.0,353.0,人家才願意幫我做這件事
353.0,354.0,看還沒有
354.0,356.0,像當時喜歡整體這麼多經濟區市的
356.0,357.0,你這樣子前後比加下
357.0,359.0,你是不是會更相信
360.0,362.0,263
362.0,363.0,剛剛開始
363.0,364.0,我可以推了
364.0,366.0,我剛剛要在16萬
366.0,367.0,黑納
367.0,369.0,從共鳴無法一把這雜想計畫
369.0,370.0,一天的訊息
370.0,372.0,我早上一集算已經做了
372.0,373.0,我覺得他還是真的
373.0,374.0,毫故
374.0,375.0,還打電話
375.0,376.0,這樣叫我半集算
376.0,377.0,你還沒聽聽去就準備
377.0,378.0,你還沒聽聽
378.0,379.0,看起來就沒聽聽
385.0,386.0,因為這次的時間
386.0,387.0,接下來我們就分享
387.0,388.0,我想要這樣
388.0,389.0,這樣就這樣
389.0,390.0,所以你上次說
390.0,392.0,不是把這看起來相關
392.0,393.0,你這樣來你再去
393.0,394.0,再去
394.0,422.0,當時才多時間
422.0,423.0,新公司
423.0,425.0,那是我們身體天湯
425.0,426.0,平天一家一家
426.0,427.0,哦 平日是我們身體的
427.0,428.0,這樣子這樣子
428.0,429.0,不過沒有很高
429.0,430.0,我這樣很不棒
430.0,431.0,你錯了心可能來不及
431.0,433.0,真的上一集的事情的話
433.0,435.0,現在受到的質感先出去
435.0,436.0,我選一張克
436.0,438.0,反正你看到一段時間
438.0,440.0,目前調查這個大飛機團
440.0,442.0,發現它的手法就是
442.0,444.0,為東城專業的同時分期團隊
444.0,446.0,早上就有漂亮的特徴
446.0,447.0,跟你虛韓問亂
447.0,448.0,晚上呢
448.0,451.0,要幫你上課分析全球的經濟局勢
451.0,453.0,甚至會跟你鼎勢韓
453.0,455.0,你求到一點圍國的破裂
455.0,457.0,全度大約有12到15個不等的
457.0,459.0,大片極端成員
459.0,460.0,加裝成投資克
460.0,461.0,不停地再群住裡面造成
461.0,463.0,因為不局惡之三個月
463.0,464.0,準備要收割的時候
464.0,466.0,就會告訴你現在有特徴的韓錢
466.0,467.0,那一線交易
467.0,468.0,我們會不會被居及
468.0,469.0,必須要下載
469.0,471.0,否則你的第三方平台
471.0,474.0,然後把錢路到這個平台裡面
474.0,476.0,才可以有到更高的破裂
476.0,477.0,前進去是一定出布
477.0,479.0,來所以如果你擔心的話
479.0,481.0,他甚至會請專業的車子
481.0,482.0,假扮成外務員
482.0,484.0,讓門跟收線經歷
484.0,486.0,切合約讓你放心把錢交給人
486.0,489.0,其實你的在72塊加歐益
489.0,490.0,好 沒問題
490.0,491.0,我今天買給他200萬多萬
491.0,493.0,好 去吃吃吃吃吃吃吃吃吃吃吃吃吃
493.0,494.0,對啊
494.0,495.0,他當時在報給我
495.0,496.0,在報個5600萬進去
496.0,497.0,到什麼年齡的更快
497.0,498.0,到什麼年齡的更快
501.0,502.0,老師
502.0,504.0,我們現在的三個月的時策
504.0,505.0,也過了
505.0,507.0,那片極端我們調查的差不多了
507.0,510.0,大便極端的車手已經約我們要去領錢
510.0,511.0,等一下我們就去抓車手
511.0,513.0,但是我相信大家會更好奇的是
513.0,514.0,到底
514.0,516.0,全股雷台5連棒
516.0,517.0,這一次成績如何
517.0,519.0,那我們先跟大家講這三個月以來
519.0,522.0,我們整個股票的買賣是發生什麼事情
522.0,524.0,一開始其實沒有賺很多
524.0,526.0,嚴格說起來是小困
526.0,527.0,我們還在試水用的
527.0,528.0,還在試我們那個目的氣
528.0,530.0,我們都有比較少量的方式去試
530.0,531.0,用賺錢的時候
531.0,533.0,可是沒有出道
533.0,534.0,後面就覺得要等比較久
534.0,536.0,要享受先資訊
536.0,537.0,先出票
537.0,538.0,最後老師你是教我
538.0,542.0,在1月19號的時候買這一次一起
542.0,544.0,你教我爸媽的壓盡去嗎
544.0,545.0,我教我
545.0,546.0,教我
546.0,548.0,教我爸媽的壓盡去
548.0,549.0,坡力100多萬
549.0,550.0,所以各位知道
550.0,551.0,還能做的
551.0,552.0,六星不論才會成功
552.0,553.0,就是要這樣
555.0,557.0,我這次提到學大
557.0,558.0,這是精水
558.0,559.0,提到
559.0,560.0,老師我提到有一個挺好奇
560.0,562.0,為什麼你會這麼有保護
562.0,563.0,一起
563.0,565.0,就是要做的東西是
565.0,567.0,最吸引的東西叫圖文機
567.0,569.0,就會知道
569.0,571.0,其實真的在打仗都是人
571.0,572.0,都是極氣
572.0,573.0,那圖文機是在最低
573.0,575.0,上我們的情況之下
575.0,577.0,你可以去運就最重要的
577.0,578.0,戰術設計
578.0,579.0,這也是一個場件的區域
579.0,580.0,既然他是區域時
580.0,581.0,一定會有區域時的感謝
581.0,582.0,我懂得很容易
582.0,584.0,我認為我們這邊的地坐體動
584.0,585.0,機會更好
585.0,586.0,"對,你以前我們都看中部區"
586.0,587.0,不完以後
587.0,588.0,其實到3月1號
588.0,589.0,達到我們的目標
589.0,590.0,你就先過離
590.0,591.0,出場了
591.0,592.0,我自己這3個月下來
592.0,594.0,其實也是有可能賺錢
594.0,595.0,有可能賠錢
595.0,597.0,但是會長期正期忘記
597.0,598.0,我覺得這個點很重要
598.0,599.0,那做點來了
599.0,601.0,到底在哪片集團
601.0,603.0,跟真正的分析老師是差在哪裡
603.0,604.0,首先
604.0,606.0,分析老師是沒有什麼漂亮美美
606.0,608.0,每天跟區域還問的
608.0,609.0,也不會跟你談聽說
609.0,610.0,在哪片集團呢
610.0,611.0,就是會
611.0,613.0,然後就同時跟你談人感情
613.0,614.0,再來
614.0,615.0,他們通常會有一個假的評判
615.0,616.0,一開始他不會跟你講
616.0,617.0,到了某一天
617.0,619.0,你對他足夠信任的時候
619.0,620.0,他會有個有說法
620.0,621.0,下個我遇到是說
621.0,623.0,因為我們老師的報告的肚票
623.0,624.0,後面居然
624.0,626.0,我們是提前幫你們先馬下來
626.0,627.0,"對,另有線"
627.0,628.0,因為我們這個評判
628.0,629.0,才可以知下交跟
629.0,631.0,他身體上就下載一個
631.0,632.0,安裝包
632.0,633.0,讓你交易對不對
633.0,634.0,"對,我的就是這個"
634.0,635.0,他說你成天
635.0,636.0,有兩種方式
636.0,637.0,存在要直近的贊互
637.0,639.0,或者是是幫他給你拿錢
639.0,640.0,"對,我就是這個"
640.0,641.0,他又一個我
641.0,642.0,學到也很重要
642.0,643.0,光是你們看到
643.0,644.0,"對,這個也很重要"
644.0,645.0,然後有約說
645.0,646.0,我要學一下公司
646.0,647.0,他如果說
647.0,648.0,我們沒有到3千萬
648.0,650.0,不是我們的大客戶一本來
650.0,652.0,他不想方式不要跟你說話
652.0,654.0,但我覺得最可怕的地方就是
654.0,656.0,在那集他其實會讓大家來交賣錢
656.0,658.0,這樣他會去買圍桿
658.0,659.0,都送了我轉
659.0,660.0,他其實叫我買蠻多的
660.0,661.0,不過他就看
661.0,662.0,都有稍微再也受到你
662.0,663.0,然後我就發現說
663.0,665.0,他們感覺是有品質
665.0,666.0,他還是跟你分析
666.0,667.0,每年出了什麼
667.0,668.0,國際戰爭什麼樣
668.0,670.0,黃金總像石油
670.0,671.0,怎麼會很廣泛
671.0,673.0,"對,他會很努力的"
673.0,674.0,讓你覺得他真的有轉移度
674.0,676.0,"對,其實他就大概是一起"
676.0,677.0,這就是我們
677.0,679.0,"這個月啦,整個投資想要查"
679.0,680.0,他們覺得很過程
680.0,681.0,老師對我問一下
681.0,682.0,還沒有下一黨
682.0,684.0,那是像疫情的
684.0,686.0,其實我手邊讓人都好比较
686.0,688.0,我都說以後你就是我親哥哥哥哥
688.0,689.0,哈哈哈
689.0,690.0,你看見好驚慶
690.0,691.0,接下來
691.0,692.0,我有準備另外的公司
692.0,694.0,"是,今年一片的預布有10塊"
694.0,695.0,現在你家還很低
695.0,697.0,我覺得未來應該是這一個
697.0,698.0,來各位
698.0,701.0,我們現在準備要跟雜金集團透面
701.0,703.0,本來他們是叫我錄青家
703.0,704.0,他們的品牌上
704.0,706.0,"對,還是我是有點憤怒"
706.0,708.0,這個二十萬進去
708.0,709.0,就沒有
709.0,711.0,所以他敢收到我的劉玉
711.0,712.0,他結果我說
712.0,713.0,我可以想要有他的
713.0,715.0,FBIP服上特約服務
715.0,716.0,安排外務員
716.0,718.0,前換我的制定地點
718.0,719.0,但公司的硬件正式
719.0,720.0,說去跟我搜取線的
720.0,722.0,先外務員就測手
722.0,723.0,就直接講測手
723.0,724.0,我前來就會給啦
724.0,725.0,對啊
725.0,726.0,然後我就給他這些
726.0,727.0,CF的地子
727.0,728.0,我是想說
728.0,729.0,監視就拍他測手
729.0,730.0,我就可以抓到人
730.0,731.0,把錢拿回來
731.0,733.0,但是正準備要碰面囉
733.0,734.0,剛剛他躺就要過來
734.0,735.0,跟我改革幣的公園
735.0,737.0,現在測手其實都滿充比
737.0,739.0,他知道怎麼去都比警方的最長
739.0,740.0,所以沒關係
740.0,741.0,他們躲我們就主動出擊
741.0,742.0,我現在想要試試看
742.0,744.0,"來,等一下"
744.0,746.0,你就是從這個劉替直接上去
746.0,748.0,那個通緣就在旁邊
748.0,749.0,你就這樣那個測手過
749.0,751.0,我們直接抓他線行犯
751.0,752.0,因為我直接站在上面
752.0,753.0,他就知道我在這啦
753.0,755.0,但是我們蠻服在劉替
755.0,756.0,他一過來
756.0,757.0,我們都是蠻好不好
757.0,758.0,你先把我打掉加過
758.0,759.0,因為是你跟他接下的
759.0,761.0,"好,OKOK"
766.0,767.0,"好,好"
778.0,779.0,小微笑
779.0,780.0,你是幫忙拿給他
780.0,781.0,拿著拿錢
781.0,782.0,就是他
782.0,783.0,你為什麼做這個
783.0,785.0,這個群法律都在你上去
785.0,786.0,為什麼
786.0,787.0,你幫人不是
787.0,788.0,"來,來,來"
788.0,790.0,坐兩坐兩
790.0,791.0,在哪裡找到這個工作
791.0,792.0,廣告板拿一也廣告
792.0,793.0,等會兒看一下
796.0,797.0,他說你令
797.0,798.0,但是沒有給你打負
798.0,800.0,他有門開著心碎的底架
800.0,801.0,是多少
801.0,803.0,越新保底電話
803.0,804.0,然後叫你一直趕一直趕
804.0,805.0,連邊是一直趕
805.0,807.0,我就是一直摔你見面
807.0,808.0,那你可能不要令堂氣打換
808.0,809.0,他大概是出來
809.0,810.0,他一直在一起
810.0,811.0,然後你去做提問
811.0,812.0,他跟我說你不確實去做
812.0,813.0,但是整個
813.0,814.0,他跟一講說
814.0,815.0,這個基本上就是話題
815.0,816.0,這個是要發現
816.0,818.0,你已經多談了
818.0,819.0,沒救了
819.0,820.0,不再期待會兒
820.0,821.0,這個幹嘛來做這個
821.0,822.0,你要你再來做什麼
822.0,823.0,要你再來做什麼
823.0,824.0,要你再來做什麼
824.0,825.0,我都要求你
825.0,826.0,我都要求你
826.0,827.0,我都要求你
827.0,828.0,我都要求你
828.0,829.0,我都要求你
829.0,830.0,我都要求你
830.0,831.0,你正常去
831.0,832.0,好
832.0,833.0,工作就算只是去工作
833.0,834.0,一個月有過十萬
834.0,835.0,我跟你講
835.0,836.0,因為你是第一次
836.0,837.0,第二次我就可以交通叢叢
837.0,838.0,再把率上是這樣
838.0,839.0,所以我今天也沒有
839.0,840.0,我比較穿你
840.0,841.0,我覺得這真的是一個機會
841.0,842.0,你要看你
842.0,843.0,你如果繼續幹你的事情
843.0,844.0,你會跟別人
844.0,846.0,因為你隨便要負責期待
846.0,847.0,我跟你講一個誘趣
847.0,848.0,今天他跟我拿20萬
848.0,850.0,明天可能叫你拿20萬
850.0,851.0,下一半是叫你拿50萬
851.0,853.0,一個月下你拿了很多兩百萬
853.0,854.0,但是你六萬
854.0,855.0,叫拼一把
855.0,856.0,可能要關那個人家把他幾百萬
856.0,857.0,你自己覺得好可愛
857.0,858.0,你自己覺得好可愛
858.0,859.0,我自己覺得
859.0,860.0,這是大好的整個
860.0,861.0,20幾歲的感覺
878.0,879.0,喔
879.0,880.0,終於結束了
880.0,882.0,長達3個月以上的調查
882.0,883.0,還有10車
883.0,885.0,這一次的股市詐騙手法
885.0,887.0,他們會假扮專業的分析團隊
887.0,888.0,跟你培安感情
888.0,889.0,奪運的新樂
889.0,891.0,肚局二至三個月
891.0,892.0,所以中胎
892.0,893.0,一定要有一個方式可以收網
893.0,894.0,就是告訴你
894.0,895.0,我們有一個更好的平台
895.0,896.0,更優惠的策略
896.0,898.0,讓出我們已經有的利潤
898.0,900.0,這是內線交易小型
900.0,902.0,他就是用各種的畫素相辦法
902.0,903.0,讓你從公開
903.0,906.0,儘管會認證的正確平台
906.0,907.0,轉移到一個位置
907.0,909.0,名你從來都不知道的一個投資平台上
909.0,910.0,開始有各種裝角
910.0,912.0,在群組造神
912.0,913.0,老斯讓他做得多少錢
913.0,914.0,多少貨物力開始偷線金
914.0,916.0,因為我們老斯已經財富自由了
916.0,918.0,我們老斯的目的就是造福斯人
918.0,919.0,他會這樣嗎
919.0,920.0,對
920.0,921.0,就是造神嘛
921.0,922.0,他不是這樣
922.0,923.0,他就是用這樣的方式
923.0,925.0,想辦法讓你把錢去轉移到
925.0,926.0,他的平台上
926.0,927.0,最後有一天你覺得發現
927.0,928.0,群組怎麼突然變成
928.0,929.0,沒有其他成員
929.0,931.0,你的路不到任何的詐騙集團的人
931.0,933.0,你抱緊也追不回來
933.0,934.0,只要你錢投入進去
934.0,936.0,絕對都拿不出來
936.0,937.0,那最恐怖的
937.0,939.0,還是他們是用跟專業的分析
939.0,940.0,團隊配合的
940.0,942.0,所以真的有辦法讓你在台股上
942.0,943.0,賺到個計算
943.0,944.0,甚至十幾二十萬
944.0,945.0,但因為很多人賺錢
945.0,946.0,就相信他是真的
946.0,948.0,所以我現在說這個集團是詐騙
948.0,950.0,很多人甚至不會相信
950.0,951.0,現在看影片
951.0,952.0,我相信有一些人
952.0,954.0,家裡有人在碰這些股票
954.0,955.0,穿住個
955.0,956.0,你跟他講這是詐騙
956.0,957.0,你要不要覺得沒有
957.0,958.0,每天晚上都還講課程
958.0,960.0,早上叫我做當中的
960.0,961.0,賺了五千
961.0,962.0,昨天賺了一萬
962.0,963.0,這怎麼會變人的
963.0,964.0,我說到非常多的投資
964.0,966.0,他跟他爸爸媽媽不相信
966.0,967.0,他跟他老公講跟老公講
967.0,969.0,就不相信因為很多的人
969.0,971.0,對這些群組是很相信
971.0,973.0,相信到反而不相信家人的圈
973.0,975.0,更相信這個老師
975.0,976.0,是真的想要到乎是的
976.0,978.0,這個老師其實是佛助轉世
978.0,979.0,對
979.0,980.0,你因為相信這個
980.0,981.0,等到你的家人
981.0,983.0,真的已經對這些老師
983.0,985.0,產生足夠的性能
985.0,986.0,甚至變成盛養的時候
986.0,987.0,你怎麼圈都沒有用
987.0,989.0,這個是我覺得最可怕
989.0,990.0,那怎麼去反反
990.0,991.0,很簡單
991.0,993.0,只要是這種什麼投資群組投資平台
993.0,994.0,如果他有一點
994.0,996.0,要你轉移到其他的平台上
996.0,998.0,只要不是台灣本土
998.0,999.0,全時大鑽山
999.0,1000.0,我現在列出來的這個
1000.0,1002.0,原大開機附幫勇方國太
1002.0,1003.0,只要不是這全時大
1003.0,1004.0,就於於不要用
1004.0,1005.0,再來
1005.0,1006.0,我也上市股
1006.0,1007.0,只要他不是你的朋友
1007.0,1008.0,清氣
1008.0,1009.0,你沒有辦法讓他的公司
1009.0,1010.0,看他的快機看他的財報
1010.0,1011.0,你就不要買
1011.0,1012.0,最後就要你去投資
1012.0,1013.0,國外什麼港古
1013.0,1014.0,從通通都不要投
1014.0,1015.0,你就比你吃這三個條件
1015.0,1017.0,你再股市局面上就不會被騙
1017.0,1018.0,那這些股票群組
1018.0,1019.0,他每回帶大家做群女貨
1019.0,1021.0,比從之因為會很多其他的
1021.0,1022.0,各種金融商品
1022.0,1024.0,所以不管他是什麼商品
1024.0,1025.0,你只要記得
1025.0,1027.0,他代理都是用不知名的網頁
1027.0,1029.0,WP這就一定有問題
1029.0,1031.0,然後呢這一次我們拍完影片之後
1031.0,1033.0,我們跟用成投故達成一個
1033.0,1034.0,反詐騙你的協議
1034.0,1036.0,因為他每也看了這些詐騙起來
1036.0,1037.0,訊息他每也發現
1037.0,1039.0,這個問題真的是有一點嚴重
1039.0,1040.0,他們有很多可以做法
1040.0,1042.0,反詐騙的這個是我沒有的
1042.0,1043.0,所以你不一定要
1043.0,1044.0,不他們會有非來投資
1044.0,1046.0,就算你不負會有非給他
1046.0,1048.0,他們也會免費幫你做法
1048.0,1049.0,詐騙的資訊
1049.0,1050.0,讓你們不要被騙
1050.0,1051.0,連接有就替愛聯
1051.0,1053.0,未來大家有任何股市相關
1053.0,1054.0,你覺得是詐騙的
1054.0,1055.0,你不掉這股票
1055.0,1056.0,但是你想投資
1056.0,1057.0,你可以直接來跟他們做詢問
1057.0,1059.0,然後我覺得最開心的地方
1059.0,1060.0,就是我反詐騙
1060.0,1062.0,終於是賺錢的
1062.0,1064.0,Ferry
1064.0,1066.0,終於有一集反詐騙賺錢的
1066.0,1067.0,多太開心的
1067.0,1069.0,他真是我親格
1069.0,1072.0,這個是一隻太難得了
1072.0,1073.0,我從來沒有想過
1073.0,1074.0,拍一集反詐騙
1074.0,1075.0,居然可以賺錢
1075.0,1077.0,而且不是只有我賺錢
1077.0,1079.0,因為我花了18位買這個貨員
1079.0,1081.0,我希望可以立即大
1081.0,1083.0,我就把他翻心是給我講的股票
1083.0,1084.0,告訴我所有的朋友
1084.0,1085.0,我一個是賺100多人
1085.0,1086.0,那所有的這一盆
1086.0,1087.0,有加起來
1087.0,1088.0,獲得應該有上錢
1088.0,1090.0,這是我覺得還滿開心的
1090.0,1091.0,那這次我所有的分享
1091.0,1092.0,出去賺錢的裡面
1092.0,1094.0,其中有個案例和資的分享
1094.0,1095.0,就是這個
1095.0,1098.0,他因為去參加其他投入公司的會員
1098.0,1099.0,然後呢
1099.0,1100.0,100萬進去
1100.0,1102.0,被騙到只剩下30萬
1102.0,1104.0,這算是一種合法的詐騙
1104.0,1105.0,他雖然騙你
1105.0,1106.0,但是從法律的角度上
1106.0,1107.0,你卻沒有辦法
1107.0,1108.0,告他沒辦法起訴他
1108.0,1109.0,購釣完
1109.0,1110.0,好可怕
1110.0,1111.0,交講投估也也並不是說
1111.0,1112.0,每一個分析老師
1112.0,1114.0,都是會做很完整的規劃
1114.0,1115.0,好多老師也是用
1115.0,1116.0,但也有部分的老師
1116.0,1118.0,會跟民眾收費也費
1118.0,1119.0,再跟主力配合
1119.0,1121.0,到獲給這些民眾
1121.0,1122.0,兩頭轉
1122.0,1123.0,也是有人在幹這件事情
1123.0,1124.0,我們這個受害者
1124.0,1125.0,他就是遇到了
1125.0,1126.0,他就每天一直傳一大堆
1126.0,1127.0,告訴我
1127.0,1128.0,這個怎樣這樣這樣
1128.0,1129.0,哪個分析時間
1129.0,1130.0,他從跟我從他跟我到那邊
1130.0,1131.0,放了
1131.0,1132.0,然後他放了
1132.0,1134.0,他每天其實都反正面的
1134.0,1135.0,陪了將近70萬
1135.0,1136.0,最終的
1136.0,1137.0,我覺得跟他講的一支股票
1137.0,1138.0,我就接給他
1138.0,1140.0,我已經買了多少張了
1140.0,1141.0,我是真的沒有買
1141.0,1143.0,然後我還會再買壞的時候
1143.0,1144.0,才不到75塊
1144.0,1145.0,因為我有拍攝
1145.0,1146.0,我從路老實
1146.0,1148.0,他是疫情都做了200多%的貨率
1148.0,1150.0,我覺得這個人應該是流量的
1150.0,1151.0,他應該不會想打招牌
1151.0,1152.0,他就說好
1152.0,1154.0,他跟因為我是真心想幫他
1154.0,1155.0,我就說
1155.0,1156.0,如果真的陪了
1156.0,1157.0,你幫算我的
1157.0,1158.0,不行
1158.0,1159.0,他讓你感受到社會的
1159.0,1161.0,二影社會還是有三影的
1161.0,1162.0,就是1月底的事情
1162.0,1163.0,直到3月初
1163.0,1164.0,除掉的時候
1164.0,1165.0,我也告訴他
1165.0,1166.0,我除掉了
1166.0,1167.0,我也告訴我說
1167.0,1168.0,很感謝
1168.0,1170.0,我這支金回來大概五十萬台幣
1170.0,1172.0,終於可以把它切碗環掉了
1172.0,1173.0,就當到30歲的人生
1173.0,1174.0,重新開始
1174.0,1176.0,他就這個心情放鬆了很多
1176.0,1178.0,這是我覺得真的很開心的部分
1178.0,1180.0,最後的我這樣告訴大家
1180.0,1182.0,就是我拍了這麼多大幣姐
1182.0,1183.0,算是
1183.0,1185.0,把很多手法都已經解釋得很清楚
1185.0,1187.0,我們也拧著一些資源
1187.0,1188.0,大家好好振興
1188.0,1189.0,可以去資訊
1189.0,1190.0,不要給人家騙
1190.0,1191.0,就真的不要給人家騙
1191.0,1192.0,不然我說真的
1192.0,1193.0,各位
1193.0,1194.0,我們拍這些片
1194.0,1196.0,都是會收到不少死亡威脅的
1196.0,1197.0,你們聽過
1200.0,1201.0,我們拍這幾天
1201.0,1202.0,我們拍這幾天
1202.0,1204.0,我們拍這幾天
1204.0,1205.0,我們拍這幾天
1205.0,1206.0,我們拍這幾天
1206.0,1208.0,我們就收到人生第一個死亡威脅
1208.0,1209.0,到今天
1209.0,1210.0,你收了2030次
1210.0,1212.0,現在如果突然有槍手過來
1212.0,1214.0,真的不敢跟土道
1214.0,1215.0,我唱是哪一個手法
1215.0,1217.0,你也抱一下好不好
1217.0,1218.0,你是代團大臉的
1218.0,1219.0,這樣
1219.0,1222.0,我再看大臉的
1222.0,1223.0,這樣
1223.0,1224.0,我這支金頭部
1224.0,1225.0,你也講一下好不好
1225.0,1226.0,你到底是什麼手法
1226.0,1227.0,你是黑網
1227.0,1228.0,還是人口我犯任
1228.0,1229.0,網路投資
1229.0,1231.0,我今天買了20到30種手法
1231.0,1232.0,還是你是車手的
1232.0,1234.0,你也要抱一下名號
1234.0,1235.0,對
1235.0,1236.0,就是
1238.0,1239.0,就是
1239.0,1240.0,我做這些事情
1240.0,1242.0,真的是希望大家不要被騙
1242.0,1243.0,真的不是因為流量
1243.0,1247.0,而且我長就去拍短年
1247.0,1249.0,短年才是現在的流量服務
1249.0,1250.0,因為好拍
1250.0,1251.0,我拍一支場片
1251.0,1252.0,三個月四個月半年
1252.0,1253.0,我拍短年一天
1253.0,1255.0,隨便可以拍個三支舞子
1255.0,1256.0,什麼樣看
1256.0,1257.0,都是短年一賺錢
1257.0,1258.0,短年一流量高
1258.0,1259.0,繼續做張軒街
1259.0,1261.0,這些跟社會公益相關的議題
1261.0,1263.0,就是因為我看到了這些問題
1263.0,1265.0,那我覺得我自己是有能力可以來
1265.0,1266.0,建議分行力的
1266.0,1268.0,這個希望大家真的認真看
1268.0,1269.0,然後分享出去
1269.0,1271.0,可以讓更多的不要手海
1271.0,1272.0,其實就是這樣子
1272.0,1274.0,所以真的沒有人是不怕死的
1274.0,1275.0,但人生多數的時候
1275.0,1277.0,我們都會有恐懼
1277.0,1278.0,不能因為自己的恐懼
1278.0,1279.0,就停止往前
1279.0,1281.0,就算我沒有收到死網威脅
1281.0,1283.0,我也有可能的過兩天
1283.0,1284.0,我發生了一個意外
1284.0,1285.0,我就掛了
1285.0,1286.0,那人生的長度
1286.0,1287.0,不是我們可以決定
1287.0,1289.0,但是我們可以決定他的精彩度
1289.0,1291.0,就至少我做這些事情
1291.0,1293.0,我覺得是挺有意義的
1293.0,1294.0,是挺好的
1294.0,1296.0,我也有在告訴大家一些正確的事情
1296.0,1297.0,要是要設計一下
1297.0,1298.0,少一位事以為
1298.0,1300.0,我覺得這樣你就很好
1300.0,1301.0,這就是我能做的
1301.0,1302.0,威脅
1302.0,1303.0,勇勇路路
1303.0,1304.0,平平淡淡
1304.0,1305.0,一輩子劇怕的
1305.0,1306.0,過到89歲
1306.0,1307.0,所以100歲
1307.0,1308.0,因為害怕恐懼
1308.0,1310.0,但還是驅動自己往前
1310.0,1311.0,也許這樣的時間
1311.0,1312.0,會比原本八九十年
1312.0,1313.0,還要短很多
1313.0,1314.0,很至少
1314.0,1315.0,會比原本八九十年
1315.0,1316.0,還要精彩很多
1316.0,1317.0,那今天影片
1317.0,1318.0,其實差不多就這樣
1318.0,1319.0,未來
1319.0,1320.0,如果你們有更多
1320.0,1321.0,跟古士大片相關的訊息
1321.0,1322.0,要資訊的話
1322.0,1324.0,可以去找用程投入這邊
1324.0,1325.0,就下次見囉
1325.0,1326.0,好
1326.0,1327.0,拜拜
